101,ahmed,123,Ahmed Mohmed,ahmedmo@gmail.com
102,hima,123,Ebrahim Mohmed,hima132004@gmail.com
103,khaled,123,khaled mousa,khalood@gmail.com
104,osama,123,Osama Mohmed,osos89@gmail.com
105,sara,123,Sara Ali,sara_ali@gmail.com
106,mostafa,123,Mostafa Dash,mostafa@gmail.com